"HITId,""HITTypeId"",""Title"",""Description"",""Keywords"",""Reward"",""CreationTim";"e""";",""MaxAs";signme;"nts"",""Requ";ester;Annotat;"ion"",""A";ssi;gnm;entDurati;onInS;"econds"",""A";utoApprova;lDe;layI;nSeconds;,Expira;tion;,Numb;erO;fSimil;arHI;"Ts"",""Lif";eti;meI;nS;econds;,As;si;"gnmentId"",""Wor";ker;"Id""";",""Assignmen";"tStatus"",""AcceptTime"",";SubmitTim;"e"",""Aut";oApprovalTi;"me"",""Ap";provalTi;"me"",""Rejectio";"nTime"",";Reque;sterFeedback;,Work;TimeInSe;"conds"",""Li";fetimeApp;rovalRate;,Last30DaysApprovalR;"ate""";",""L";ast7DaysA;ppro;"valRate"",""Answer.surveycode"",""Approve"",""Reject""";;;;;;;;;;;;;;;;;;;;;;;;;;;;;;;;;;;;;;;;;;;
"3YD0MU1NC4PM6IA80LA1E9C0ELT7AY,""3Z1ME8JRSK01AV8NUDSBF5G86L7OC8"",""Answer";a ;survey ;about ;reasoning ;with ;belief ;update ;-2;of ;"2)"",""For";each ;statement ;presented ;in ;the ;survey, ;indicate ;the ;degree ;to ;which ;you ;believe ;it ;on ;a ;scale ;from ;1;(implausible) ;to ;10;(extremely ;"plausible)."",""survey, ";research, ;logic, ;reasoning, ;belief ;update, ;mathematics, ;maths, ;math, ;philosophy, ;belief ;change, ;cognitive ;science, ;computer ;"science"",""$3.75"",""Fri";Jun ;25;05:03:04;PDT ;"2021"",""61"",""BatchId:4487240;OriginalHitTemplateId:920937340;"",""3600"",""259200"",""Fri";Jul ;2;05:03:04;PDT ;"2021"","","",""308Q0PEVBB18D3FSH850XMMG71YI97"",""Approved"",""Mon"; Jun;28;04:31:33; PDT;"2021"",""Mon"; Jun;28;04:45:35; PDT;"2021"",""Thu"; Jul;1;04:45:35; PDT;"2021"",""Mon"; Jun;28;08:57:17; PDT;"2021"","","",""842"",""100%";"(2/2)"",""100%";"(2/2)"",""0%";"(0/0)"",""BR2_2021""";;;;;;;;;;;;;;;
"3YD0MU1NC4PM6IA80LA1E9C0ELT7AY,""3Z1ME8JRSK01AV8NUDSBF5G86L7OC8"",""Answer";a ;survey ;about ;reasoning ;with ;belief ;update ;-2;of ;"2)"",""For";each ;statement ;presented ;in ;the ;survey, ;indicate ;the ;degree ;to ;which ;you ;believe ;it ;on ;a ;scale ;from ;1;(implausible) ;to ;10;(extremely ;"plausible)."",""survey, ";research, ;logic, ;reasoning, ;belief ;update, ;mathematics, ;maths, ;math, ;philosophy, ;belief ;change, ;cognitive ;science, ;computer ;"science"",""$3.75"",""Fri";Jun ;25;05:03:04;PDT ;"2021"",""61"",""BatchId:4487240;OriginalHitTemplateId:920937340;"",""3600"",""259200"",""Fri";Jul ;2;05:03:04;PDT ;"2021"","","",""31IBVUNM9VNM0JQ5J14BM7YLI1PFVT"",""Approved"",""Mon"; Jun;28;04:47:07; PDT;"2021"",""Mon"; Jun;28;04:57:52; PDT;"2021"",""Thu"; Jul;1;04:57:52; PDT;"2021"",""Mon"; Jun;28;08:57:17; PDT;"2021"","","",""645"",""100%";"(2/2)"",""100%";"(2/2)"",""0%";"(0/0)"",""BR2_2021""";;;;;;;;;;;;;;;
"3YD0MU1NC4PM6IA80LA1E9C0ELT7AY,""3Z1ME8JRSK01AV8NUDSBF5G86L7OC8"",""Answer";a ;survey ;about ;reasoning ;with ;belief ;update ;-2;of ;"2)"",""For";each ;statement ;presented ;in ;the ;survey, ;indicate ;the ;degree ;to ;which ;you ;believe ;it ;on ;a ;scale ;from ;1;(implausible) ;to ;10;(extremely ;"plausible)."",""survey, ";research, ;logic, ;reasoning, ;belief ;update, ;mathematics, ;maths, ;math, ;philosophy, ;belief ;change, ;cognitive ;science, ;computer ;"science"",""$3.75"",""Fri";Jun ;25;05:03:04;PDT ;"2021"",""61"",""BatchId:4487240;OriginalHitTemplateId:920937340;"",""3600"",""259200"",""Fri";Jul ;2;05:03:04;PDT ;"2021"","","",""337RC3OW08Q80B015C79HK35FUKLV7"",""Approved"",""Sat";Jun ;26;02:33:20;PDT ;"2021"",""Sat";Jun ;26;02:52:07;PDT ;"2021"",""Tue";Jun ;29;02:52:07;PDT ;"2021"",""Sat";Jun ;26;04:40:39;PDT ;"2021"","","",""1127"",""100%";"(2/2)"",""100%";"(2/2)"",""0%";"(0/0)"",""BR2_2021""";;;;;;;;;;;;;;;
"3YD0MU1NC4PM6IA80LA1E9C0ELT7AY,""3Z1ME8JRSK01AV8NUDSBF5G86L7OC8"",""Answer";a ;survey ;about ;reasoning ;with ;belief ;update ;-2;of ;"2)"",""For";each ;statement ;presented ;in ;the ;survey, ;indicate ;the ;degree ;to ;which ;you ;believe ;it ;on ;a ;scale ;from ;1;(implausible) ;to ;10;(extremely ;"plausible)."",""survey, ";research, ;logic, ;reasoning, ;belief ;update, ;mathematics, ;maths, ;math, ;philosophy, ;belief ;change, ;cognitive ;science, ;computer ;"science"",""$3.75"",""Fri";Jun ;25;05:03:04;PDT ;"2021"",""61"",""BatchId:4487240;OriginalHitTemplateId:920937340;"",""3600"",""259200"",""Fri";Jul ;2;05:03:04;PDT ;"2021"","","",""339ANSOTR8QSUZYJL5WPNV0WIRXIKG"",""Approved"",""Fri"; Jun;25;05:03:41; PDT;"2021"",""Fri"; Jun;25;05:36:14; PDT;"2021"",""Mon"; Jun;28;05:36:14; PDT;"2021"",""Sat"; Jun;26;04:38:21; PDT;"2021"","","",""1953"",""100%";"(2/2)"",""100%";"(2/2)"",""0%";"(0/0)"",""BR2_2021""";;;;;;;;;;;;;;;
"3YD0MU1NC4PM6IA80LA1E9C0ELT7AY,""3Z1ME8JRSK01AV8NUDSBF5G86L7OC8"",""Answer";a ;survey ;about ;reasoning ;with ;belief ;update ;-2;of ;"2)"",""For";each ;statement ;presented ;in ;the ;survey, ;indicate ;the ;degree ;to ;which ;you ;believe ;it ;on ;a ;scale ;from ;1;(implausible) ;to ;10;(extremely ;"plausible)."",""survey, ";research, ;logic, ;reasoning, ;belief ;update, ;mathematics, ;maths, ;math, ;philosophy, ;belief ;change, ;cognitive ;science, ;computer ;"science"",""$3.75"",""Fri";Jun ;25;05:03:04;PDT ;"2021"",""61"",""BatchId:4487240;OriginalHitTemplateId:920937340;"",""3600"",""259200"",""Fri";Jul ;2;05:03:04;PDT ;"2021"","","",""34FNN24DCPXB2GSLI0EM7UB2BKO5YC"",""Approved"",""Fri"; Jun;25;12:35:33; PDT;"2021"",""Fri"; Jun;25;13:18:19; PDT;"2021"",""Mon"; Jun;28;13:18:19; PDT;"2021"",""Sat"; Jun;26;04:40:02; PDT;"2021"","","",""2566"",""100%";"(2/2)"",""100%";"(2/2)"",""0%";"(0/0)"",""BR2_2021""";;;;;;;;;;;;;;;
"3YD0MU1NC4PM6IA80LA1E9C0ELT7AY,""3Z1ME8JRSK01AV8NUDSBF5G86L7OC8"",""Answer";a ;survey ;about ;reasoning ;with ;belief ;update ;-2;of ;"2)"",""For";each ;statement ;presented ;in ;the ;survey, ;indicate ;the ;degree ;to ;which ;you ;believe ;it ;on ;a ;scale ;from ;1;(implausible) ;to ;10;(extremely ;"plausible)."",""survey, ";research, ;logic, ;reasoning, ;belief ;update, ;mathematics, ;maths, ;math, ;philosophy, ;belief ;change, ;cognitive ;science, ;computer ;"science"",""$3.75"",""Fri";Jun ;25;05:03:04;PDT ;"2021"",""61"",""BatchId:4487240;OriginalHitTemplateId:920937340;"",""3600"",""259200"",""Fri";Jul ;2;05:03:04;PDT ;"2021”,"","",""34S6N1K2ZY73IA5H0NQ52JCW7H7HLF"",""Approved"",""Sun"; Jun;27;17:02:50; PDT;"2021"",""Sun"; Jun;27;17:32:09; PDT;"2021"",""Wed"; Jun;30;17:32:09; PDT;"2021"",""Mon"; Jun;28;02:46:32; PDT;"2021"","","",""1759"",""100%";"(2/2)"",""100%";"(2/2)"",""0%";"(0/0)"",""BR2_2021""";;;;;;;;;;;;;;;
"3YD0MU1NC4PM6IA80LA1E9C0ELT7AY,""3Z1ME8JRSK01AV8NUDSBF5G86L7OC8"",""Answer";a ;survey ;about ;reasoning ;with ;belief ;update ;-2;of ;"2)"",""For";each ;statement ;presented ;in ;the ;survey, ;indicate ;the ;degree ;to ;which ;you ;believe ;it ;on ;a ;scale ;from ;1;(implausible) ;to ;10;(extremely ;"plausible)."",""survey, ";research, ;logic, ;reasoning, ;belief ;update, ;mathematics, ;maths, ;math, ;philosophy, ;belief ;change, ;cognitive ;science, ;computer ;"science"",""$3.75"",""Fri";Jun ;25;05:03:04;PDT ;"2021"",""61"",""BatchId:4487240;OriginalHitTemplateId:920937340;"",""3600"",""259200"",""Fri";Jul ;2;05:03:04;PDT ;"2021"","","",""3634BBTX0RIHED65KU5S7I8RAVGIFE"",""Approved"",""Fri"; Jun;25;05:03:40; PDT;"2021"",""Fri"; Jun;25;05:12:46; PDT;"2021"",""Mon"; Jun;28;05:12:46; PDT;"2021"",""Sat"; Jun;26;04:38:41; PDT;"2021"","","",""546"",""100%";"(5/5)"",""100%";"(2/2)"",""0%";"(0/0)"",""BR2_2021""";;;;;;;;;;;;;;;
"3YD0MU1NC4PM6IA80LA1E9C0ELT7AY,""3Z1ME8JRSK01AV8NUDSBF5G86L7OC8"",""Answer";a ;survey ;about ;reasoning ;with ;belief ;update ;-2;of ;"2)"",""For";each ;statement ;presented ;in ;the ;survey, ;indicate ;the ;degree ;to ;which ;you ;believe ;it ;on ;a ;scale ;from ;1;(implausible) ;to ;10;(extremely ;"plausible)."",""survey, ";research, ;logic, ;reasoning, ;belief ;update, ;mathematics, ;maths, ;math, ;philosophy, ;belief ;change, ;cognitive ;science, ;computer ;"science"",""$3.75"",""Fri";Jun ;25;05:03:04;PDT ;"2021"",""61"",""BatchId:4487240;OriginalHitTemplateId:920937340;"",""3600"",""259200"",""Fri";Jul ;2;05:03:04;PDT ;"2021"","","",""36H9ULYP65ID9OQB2CQSJJNRNA6FJO"",""Rejected"",""Fri"; Jun;25;09:16:08; PDT;"2021"",""Fri"; Jun;25;09:44:34; PDT;"2021"",""Mon"; Jun;28;09:44:34; PDT;"2021"","",""";Sat ;Jun;26 04:38;:58;"PDT 2021"",""Incorrect surv";ey code. Upon; further in;spection, you have not; completed; my; survey; on; Google; Forms.; Therefore,; your; response; has; been;"rejected."",""1706"",""0%";"(0/1)"",""0%";"(0/1)"",""0%";"(0/0)"",""A2LVJJQMH39V6H"""
"3YD0MU1NC4PM6IA80LA1E9C0ELT7AY,""3Z1ME8JRSK01AV8NUDSBF5G86L7OC8"",""Answer";a ;survey ;about ;reasoning ;with ;belief ;update ;-2;of ;"2)"",""For";each ;statement ;presented ;in ;the ;survey, ;indicate ;the ;degree ;to ;which ;you ;believe ;it ;on ;a ;scale ;from ;1;(implausible) ;to ;10;(extremely ;"plausible)."",""survey, ";research, ;logic, ;reasoning, ;belief ;update, ;mathematics, ;maths, ;math, ;philosophy, ;belief ;change, ;cognitive ;science, ;computer ;"science"",""$3.75"",""Fri";Jun ;25;05:03:04;PDT ;"2021"",""61"",""BatchId:4487240;OriginalHitTemplateId:920937340;"",""3600"",""259200"",""Fri";Jul ;2;05:03:04;PDT ;"2021"","","",""36PW28KO42KA2HNBDVT982Z8LN7AEX"",""Rejected"",""Fri";Jun ;25;23:18:57;PDT ;"2021"",""Fri";Jun ;25;23:19:27;PDT ;"2021"",""Mon";Jun ;28;23:19:27;PDT ;"2021"","",""S";at J;un ;26 04:40:;49 P;"DT 2021"",""Incorrect surve";y code. Upon ;further ins;pection, you have not ;completed ;my ;survey ;on ;Google ;Forms. ;Therefore, ;your ;response ;has ;been ;"rejected."",""30"",""0% (0/";"1)"",""0% (0/";"1)"",""0% (0/";"0)"",""AUO7GWTC1EAK7"""
"3YD0MU1NC4PM6IA80LA1E9C0ELT7AY,""3Z1ME8JRSK01AV8NUDSBF5G86L7OC8"",""Answer";a ;survey ;about ;reasoning ;with ;belief ;update ;-2;of ;"2)"",""For";each ;statement ;presented ;in ;the ;survey, ;indicate ;the ;degree ;to ;which ;you ;believe ;it ;on ;a ;scale ;from ;1;(implausible) ;to ;10;(extremely ;"plausible)."",""survey, ";research, ;logic, ;reasoning, ;belief ;update, ;mathematics, ;maths, ;math, ;philosophy, ;belief ;change, ;cognitive ;science, ;computer ;"science"",""$3.75"",""Fri";Jun ;25;05:03:04;PDT ;"2021"",""61"",""BatchId:4487240;OriginalHitTemplateId:920937340;"",""3600"",""259200"",""Fri";Jul ;2;05:03:04;PDT ;"2021"","","",""37FMASSAYFFR1WUPFSJWOSH6VXOIBW"",""Approved"",""Fri"; Jun;25;05:18:59; PDT;"2021"",""Fri"; Jun;25;05:51:08; PDT;"2021"",""Mon"; Jun;28;05:51:08; PDT;"2021"",""Sat"; Jun;26;04:39:47; PDT;"2021"","","",""1929"",""100%";"(2/2)"",""100%";"(2/2)"",""0%";"(0/0)"",""BR2_2021""";;;;;;;;;;;;;;;
"3YD0MU1NC4PM6IA80LA1E9C0ELT7AY,""3Z1ME8JRSK01AV8NUDSBF5G86L7OC8"",""Answer";a ;survey ;about ;reasoning ;with ;belief ;update ;-2;of ;"2)"",""For";each ;statement ;presented ;in ;the ;survey, ;indicate ;the ;degree ;to ;which ;you ;believe ;it ;on ;a ;scale ;from ;1;(implausible) ;to ;10;(extremely ;"plausible)."",""survey, ";research, ;logic, ;reasoning, ;belief ;update, ;mathematics, ;maths, ;math, ;philosophy, ;belief ;change, ;cognitive ;science, ;computer ;"science"",""$3.75"",""Fri";Jun ;25;05:03:04;PDT ;"2021"",""61"",""BatchId:4487240;OriginalHitTemplateId:920937340;"",""3600"",""259200"",""Fri";Jul ;2;05:03:04;PDT ;"2021”,"","",""37M28K1J0T1IDX93RW405IC0QZVAJI"",""Approved"",""Mon"; Jun;28;17:54:25; PDT;"2021"",""Mon"; Jun;28;17:55:54; PDT;"2021"",""Thu"; Jul;1;17:55:54; PDT;"2021"",""Thu"; Jul;1;17:56:30; PDT;"2021"","","",""89"",""100% (";"1/1)"",""100% (";"1/1)"",""100%";"(1/1)"",""A127YTDNOWY1K";"M""";;;;;;;;;;;;;;
"3YD0MU1NC4PM6IA80LA1E9C0ELT7AY,""3Z1ME8JRSK01AV8NUDSBF5G86L7OC8"",""Answer";a ;survey ;about ;reasoning ;with ;belief ;update ;-2;of ;"2)"",""For";each ;statement ;presented ;in ;the ;survey, ;indicate ;the ;degree ;to ;which ;you ;believe ;it ;on ;a ;scale ;from ;1;(implausible) ;to ;10;(extremely ;"plausible)."",""survey, ";research, ;logic, ;reasoning, ;belief ;update, ;mathematics, ;maths, ;math, ;philosophy, ;belief ;change, ;cognitive ;science, ;computer ;"science"",""$3.75"",""Fri";Jun ;25;05:03:04;PDT ;"2021"",""61"",""BatchId:4487240;OriginalHitTemplateId:920937340;"",""3600"",""259200"",""Fri";Jul ;2;05:03:04;PDT ;"2021"","","",""37TRT2X24TFNW7EVXA4W0TW68CIJBE"",""Rejected"",""Fri"; Jun;25;08:07:45; PDT;"2021"",""Fri"; Jun;25;08:23:35; PDT;"2021"",""Mon"; Jun;28;08:23:35; PDT;"2021"","",""";Sat ;Jun;26 04:40;:14;"PDT 2021"",""Incorrect surv";ey code. Upon; further in;spection, you have not; completed; my; survey; on; Google; Forms.; Therefore,; your; response; has; been;"rejected."",""950"",""0% (";"0/1)"",""0% (";"0/1)"",""0% (";"0/0)"",""A3THNWCC7SVZ7S"""
"3YD0MU1NC4PM6IA80LA1E9C0ELT7AY,""3Z1ME8JRSK01AV8NUDSBF5G86L7OC8"",""Answer";a ;survey ;about ;reasoning ;with ;belief ;update ;-2;of ;"2)"",""For";each ;statement ;presented ;in ;the ;survey, ;indicate ;the ;degree ;to ;which ;you ;believe ;it ;on ;a ;scale ;from ;1;(implausible) ;to ;10;(extremely ;"plausible)."",""survey, ";research, ;logic, ;reasoning, ;belief ;update, ;mathematics, ;maths, ;math, ;philosophy, ;belief ;change, ;cognitive ;science, ;computer ;"science"",""$3.75"",""Fri";Jun ;25;05:03:04;PDT ;"2021"",""61"",""BatchId:4487240;OriginalHitTemplateId:920937340;"",""3600"",""259200"",""Fri";Jul ;2;05:03:04;PDT ;"2021"","","",""39GHHAVOMIF3B8TMIVU9SFQ0YKYJ45"",""Approved"",""Fri";Jun ;25;07:04:14;PDT ;"2021"",""Fri";Jun ;25;07:28:32;PDT ;"2021"",""Mon";Jun ;28;07:28:32;PDT ;"2021"",""Sat";Jun ;26;04:40:38;PDT ;"2021"","","",""1458"",""100%";"(2/2)"",""100%";"(2/2)"",""0%";"(0/0)"",""BR2_2021""";;;;;;;;;;;;;;;
"3YD0MU1NC4PM6IA80LA1E9C0ELT7AY,""3Z1ME8JRSK01AV8NUDSBF5G86L7OC8"",""Answer";a ;survey ;about ;reasoning ;with ;belief ;update ;-2;of ;"2)"",""For";each ;statement ;presented ;in ;the ;survey, ;indicate ;the ;degree ;to ;which ;you ;believe ;it ;on ;a ;scale ;from ;1;(implausible) ;to ;10;(extremely ;"plausible)."",""survey, ";research, ;logic, ;reasoning, ;belief ;update, ;mathematics, ;maths, ;math, ;philosophy, ;belief ;change, ;cognitive ;science, ;computer ;"science"",""$3.75"",""Fri";Jun ;25;05:03:04;PDT ;"2021"",""61"",""BatchId:4487240;OriginalHitTemplateId:920937340;"",""3600"",""259200"",""Fri";Jul ;2;05:03:04;PDT ;"2021"","","",""39K0FND3AK38E5FOUTHSLA4HUQUMAW"",""Approved"",""Sat";Jun ;26;07:52:51;PDT ;"2021"",""Sat";Jun ;26;08:22:54;PDT ;"2021"",""Tue";Jun ;29;08:22:54;PDT ;"2021"",""Mon";Jun ;28;02:46:32;PDT ;"2021"","","",""1803"",""100%";"(2/2)"",""100%";"(2/2)"",""0%";"(0/0)"",""BR2_2021""";;;;;;;;;;;;;;;
"3YD0MU1NC4PM6IA80LA1E9C0ELT7AY,""3Z1ME8JRSK01AV8NUDSBF5G86L7OC8"",""Answer";a ;survey ;about ;reasoning ;with ;belief ;update ;-2;of ;"2)"",""For";each ;statement ;presented ;in ;the ;survey, ;indicate ;the ;degree ;to ;which ;you ;believe ;it ;on ;a ;scale ;from ;1;(implausible) ;to ;10;(extremely ;"plausible)."",""survey, ";research, ;logic, ;reasoning, ;belief ;update, ;mathematics, ;maths, ;math, ;philosophy, ;belief ;change, ;cognitive ;science, ;computer ;"science"",""$3.75"",""Fri";Jun ;25;05:03:04;PDT ;"2021"",""61"",""BatchId:4487240;OriginalHitTemplateId:920937340;"",""3600"",""259200"",""Fri";Jul ;2;05:03:04;PDT ;"2021"","","",""3B2X28YI3Z3B8CZODRA7RPR1M6TB6V"",""Approved"",""Fri";Jun ;25;05:05:25;PDT ;"2021"",""Fri";Jun ;25;05:21:59;PDT ;"2021"",""Mon";Jun ;28;05:21:59;PDT ;"2021"",""Sat";Jun ;26;04:40:38;PDT ;"2021"","","",""994"",""100% (";"2/2)"",""100% (";"2/2)"",""0% (";"0/0)"",""BR2_2021""";;;;;;;;;;;;;;;
"3YD0MU1NC4PM6IA80LA1E9C0ELT7AY,""3Z1ME8JRSK01AV8NUDSBF5G86L7OC8"",""Answer";a ;survey ;about ;reasoning ;with ;belief ;update ;-2;of ;"2)"",""For";each ;statement ;presented ;in ;the ;survey, ;indicate ;the ;degree ;to ;which ;you ;believe ;it ;on ;a ;scale ;from ;1;(implausible) ;to ;10;(extremely ;"plausible)."",""survey, ";research, ;logic, ;reasoning, ;belief ;update, ;mathematics, ;maths, ;math, ;philosophy, ;belief ;change, ;cognitive ;science, ;computer ;"science"",""$3.75"",""Fri";Jun ;25;05:03:04;PDT ;"2021"",""61"",""BatchId:4487240;OriginalHitTemplateId:920937340;"",""3600"",""259200"",""Fri";Jul ;2;05:03:04;PDT ;"2021"","","",""3D8YOU6S9H8Q4B8UDIR2WFJPBVI6UX"",""Approved"",""Mon"; Jun;28;08:02:24; PDT;"2021"",""Mon"; Jun;28;08:14:24; PDT;"2021"",""Thu"; Jul;1;08:14:24; PDT;"2021"",""Mon"; Jun;28;08:57:18; PDT;"2021"","","",""720"",""100%";"(2/2)"",""100%";"(2/2)"",""0%";"(0/0)"",""BR2_2021""";;;;;;;;;;;;;;;
"3YD0MU1NC4PM6IA80LA1E9C0ELT7AY,""3Z1ME8JRSK01AV8NUDSBF5G86L7OC8"",""Answer";a ;survey ;about ;reasoning ;with ;belief ;update ;-2;of ;"2)"",""For";each ;statement ;presented ;in ;the ;survey, ;indicate ;the ;degree ;to ;which ;you ;believe ;it ;on ;a ;scale ;from ;1;(implausible) ;to ;10;(extremely ;"plausible)."",""survey, ";research, ;logic, ;reasoning, ;belief ;update, ;mathematics, ;maths, ;math, ;philosophy, ;belief ;change, ;cognitive ;science, ;computer ;"science"",""$3.75"",""Fri";Jun ;25;05:03:04;PDT ;"2021"",""61"",""BatchId:4487240;OriginalHitTemplateId:920937340;"",""3600"",""259200"",""Fri";Jul ;2;05:03:04;PDT ;"2021"","","",""3EG49X351X0ILF2PIN2PGMIT5BFX6S"",""Rejected"",""Sat"; Jun;26;05:53:23; PDT;"2021"",""Sat"; Jun;26;06:00:58; PDT;"2021"",""Tue"; Jun;29;06:00:58; PDT;"2021"","",""";Mon ;Jun;28 02:47;:20;"PDT 2021"",""Incorrect surv";ey code + no ;survey resp;onse from you on Googl;"e Forms"",""";455;,0% (;0/1;")"",""0%";"(0/1)"",";0% (0/0),;A22F;ZZT4I6HVC;"O""";;;;;
"3YD0MU1NC4PM6IA80LA1E9C0ELT7AY,""3Z1ME8JRSK01AV8NUDSBF5G86L7OC8"",""Answer";a ;survey ;about ;reasoning ;with ;belief ;update ;-2;of ;"2)"",""For";each ;statement ;presented ;in ;the ;survey, ;indicate ;the ;degree ;to ;which ;you ;believe ;it ;on ;a ;scale ;from ;1;(implausible) ;to ;10;(extremely ;"plausible)."",""survey, ";research, ;logic, ;reasoning, ;belief ;update, ;mathematics, ;maths, ;math, ;philosophy, ;belief ;change, ;cognitive ;science, ;computer ;"science"",""$3.75"",""Fri";Jun ;25;05:03:04;PDT ;"2021"",""61"",""BatchId:4487240;OriginalHitTemplateId:920937340;"",""3600"",""259200"",""Fri";Jul ;2;05:03:04;PDT ;"2021"","","",""3FIUS151DYQ9WMW55QB74RVNWXOGGJ"",""Rejected"",""Fri"; Jun;25;05:09:22; PDT;"2021"",""Fri"; Jun;25;05:57:15; PDT;"2021"",""Mon"; Jun;28;05:57:15; PDT;"2021"","",""";Sat ;Jun;26 04:37;:52;"PDT 2021"",""Incorrect surv";ey code. Upon; further in;spection, you have not; completed; my; survey; on; Google; Forms.; Therefore,; your; response; has; been;"rejected."",""2873"",""0%";"(0/1)"",""0%";"(0/1)"",""0%";"(0/0)"",""A1G1HSPWZJNWGN"""
"3YD0MU1NC4PM6IA80LA1E9C0ELT7AY,""3Z1ME8JRSK01AV8NUDSBF5G86L7OC8"",""Answer";a ;survey ;about ;reasoning ;with ;belief ;update ;-2;of ;"2)"",""For";each ;statement ;presented ;in ;the ;survey, ;indicate ;the ;degree ;to ;which ;you ;believe ;it ;on ;a ;scale ;from ;1;(implausible) ;to ;10;(extremely ;"plausible)."",""survey, ";research, ;logic, ;reasoning, ;belief ;update, ;mathematics, ;maths, ;math, ;philosophy, ;belief ;change, ;cognitive ;science, ;computer ;"science"",""$3.75"",""Fri";Jun ;25;05:03:04;PDT ;"2021"",""61"",""BatchId:4487240;OriginalHitTemplateId:920937340;"",""3600"",""259200"",""Fri";Jul ;2;05:03:04;PDT ;"2021"","","",""3FUI0JHJP0M78Y8TFWX323H5ONF33R"",""Approved"",""Fri"; Jun;25;07:03:32; PDT;"2021"",""Fri"; Jun;25;07:31:06; PDT;"2021"",""Mon"; Jun;28;07:31:06; PDT;"2021"",""Sat"; Jun;26;04:38:41; PDT;"2021"","","",""1654"",""100%";"(2/2)"",""100%";"(2/2)"",""0%";"(0/0)"",""BR2_2021""";;;;;;;;;;;;;;;
"3YD0MU1NC4PM6IA80LA1E9C0ELT7AY,""3Z1ME8JRSK01AV8NUDSBF5G86L7OC8"",""Answer";a ;survey ;about ;reasoning ;with ;belief ;update ;-2;of ;"2)"",""For";each ;statement ;presented ;in ;the ;survey, ;indicate ;the ;degree ;to ;which ;you ;believe ;it ;on ;a ;scale ;from ;1;(implausible) ;to ;10;(extremely ;"plausible)."",""survey, ";research, ;logic, ;reasoning, ;belief ;update, ;mathematics, ;maths, ;math, ;philosophy, ;belief ;change, ;cognitive ;science, ;computer ;"science"",""$3.75"",""Fri";Jun ;25;05:03:04;PDT ;"2021"",""61"",""BatchId:4487240;OriginalHitTemplateId:920937340;"",""3600"",""259200"",""Fri";Jul ;2;05:03:04;PDT ;"2021"","","",""3GFK2QRXXC57DBXL3ZWYMXQM0C05WP"",""Approved"",""Fri"; Jun;25;05:03:39; PDT;"2021"",""Fri"; Jun;25;05:30:18; PDT;"2021"",""Mon"; Jun;28;05:30:18; PDT;"2021"",""Sat"; Jun;26;04:39:47; PDT;"2021"","","",""1599"",""100%";"(2/2)"",""100%";"(2/2)"",""0%";"(0/0)"",""BR2_2021""";;;;;;;;;;;;;;;
"3YD0MU1NC4PM6IA80LA1E9C0ELT7AY,""3Z1ME8JRSK01AV8NUDSBF5G86L7OC8"",""Answer";a ;survey ;about ;reasoning ;with ;belief ;update ;-2;of ;"2)"",""For";each ;statement ;presented ;in ;the ;survey, ;indicate ;the ;degree ;to ;which ;you ;believe ;it ;on ;a ;scale ;from ;1;(implausible) ;to ;10;(extremely ;"plausible)."",""survey, ";research, ;logic, ;reasoning, ;belief ;update, ;mathematics, ;maths, ;math, ;philosophy, ;belief ;change, ;cognitive ;science, ;computer ;"science"",""$3.75"",""Fri";Jun ;25;05:03:04;PDT ;"2021"",""61"",""BatchId:4487240;OriginalHitTemplateId:920937340;"",""3600"",""259200"",""Fri";Jul ;2;05:03:04;PDT ;"2021"","","",""3I2PTA7R3WI5BXM2YD1YWXRI91EQKR"",""Approved"",""Fri";Jun ;25;05:19:50;PDT ;"2021"",""Fri";Jun ;25;05:42:35;PDT ;"2021"",""Mon";Jun ;28;05:42:35;PDT ;"2021"",""Sat";Jun ;26;04:40:39;PDT ;"2021"","","",""1365"",""100%";"(2/2)"",""100%";"(2/2)"",""0%";"(0/0)"",""BR2_2021""";;;;;;;;;;;;;;;
"3YD0MU1NC4PM6IA80LA1E9C0ELT7AY,""3Z1ME8JRSK01AV8NUDSBF5G86L7OC8"",""Answer";a ;survey ;about ;reasoning ;with ;belief ;update ;-2;of ;"2)"",""For";each ;statement ;presented ;in ;the ;survey, ;indicate ;the ;degree ;to ;which ;you ;believe ;it ;on ;a ;scale ;from ;1;(implausible) ;to ;10;(extremely ;"plausible)."",""survey, ";research, ;logic, ;reasoning, ;belief ;update, ;mathematics, ;maths, ;math, ;philosophy, ;belief ;change, ;cognitive ;science, ;computer ;"science"",""$3.75"",""Fri";Jun ;25;05:03:04;PDT ;"2021"",""61"",""BatchId:4487240;OriginalHitTemplateId:920937340;"",""3600"",""259200"",""Fri";Jul ;2;05:03:04;PDT ;"2021"","","",""3IHR8NYAMAPZXJWKD8ZTPBCC7S14P5"",""Rejected"",""Wed"; Jun;30;08:38:56; PDT;"2021"",""Wed"; Jun;30;09:08:57; PDT;"2021"",""Sat"; Jul;3;09:08:57; PDT;"2021"","",""";Fri ;Jul;02 05:15;:46;"PDT 2021"",""Incorrect surv";ey code provi;ded and no ;response to my survey ;on google ;for;ms reco;rde;"d."",""18";"01"",""0%";"(0/1)"",""0%";(0/1;")"",""0% (0";"/1)""";",""A28";"3HD6YDICVBN""";;;
"3YD0MU1NC4PM6IA80LA1E9C0ELT7AY,""3Z1ME8JRSK01AV8NUDSBF5G86L7OC8"",""Answer";a ;survey ;about ;reasoning ;with ;belief ;update ;-2;of ;"2)"",""For";each ;statement ;presented ;in ;the ;survey, ;indicate ;the ;degree ;to ;which ;you ;believe ;it ;on ;a ;scale ;from ;1;(implausible) ;to ;10;(extremely ;"plausible)."",""survey, ";research, ;logic, ;reasoning, ;belief ;update, ;mathematics, ;maths, ;math, ;philosophy, ;belief ;change, ;cognitive ;science, ;computer ;"science"",""$3.75"",""Fri";Jun ;25;05:03:04;PDT ;"2021"",""61"",""BatchId:4487240;OriginalHitTemplateId:920937340;"",""3600"",""259200"",""Fri";Jul ;2;05:03:04;PDT ;"2021"","","",""3JMSRU9HQLIUU5Q9OQK54PDL60AVER"",""Approved"",""Mon"; Jun;28;04:37:08; PDT;"2021"",""Mon"; Jun;28;04:51:38; PDT;"2021"",""Thu"; Jul;1;04:51:38; PDT;"2021"",""Mon"; Jun;28;08:57:18; PDT;"2021"","","",""870"",""100%";"(2/2)"",""100%";"(2/2)"",""0%";"(0/0)"",""BR2_2021""";;;;;;;;;;;;;;;
"3YD0MU1NC4PM6IA80LA1E9C0ELT7AY,""3Z1ME8JRSK01AV8NUDSBF5G86L7OC8"",""Answer";a ;survey ;about ;reasoning ;with ;belief ;update ;-2;of ;"2)"",""For";each ;statement ;presented ;in ;the ;survey, ;indicate ;the ;degree ;to ;which ;you ;believe ;it ;on ;a ;scale ;from ;1;(implausible) ;to ;10;(extremely ;"plausible)."",""survey, ";research, ;logic, ;reasoning, ;belief ;update, ;mathematics, ;maths, ;math, ;philosophy, ;belief ;change, ;cognitive ;science, ;computer ;"science"",""$3.75"",""Fri";Jun ;25;05:03:04;PDT ;"2021"",""61"",""BatchId:4487240;OriginalHitTemplateId:920937340;"",""3600"",""259200"",""Fri";Jul ;2;05:03:04;PDT ;"2021"","","",""3K3R2QNK8ERDMUASBPUEGPAR1WO9U9"",""Approved"",""Mon"; Jun;28;06:42:32; PDT;"2021"",""Mon"; Jun;28;06:51:54; PDT;"2021"",""Thu"; Jul;1;06:51:54; PDT;"2021"",""Mon"; Jun;28;08:57:18; PDT;"2021"","","",""562"",""100%";"(2/2)"",""100%";"(2/2)"",""0%";"(0/0)"",""BR2_2021""";;;;;;;;;;;;;;;
"3YD0MU1NC4PM6IA80LA1E9C0ELT7AY,""3Z1ME8JRSK01AV8NUDSBF5G86L7OC8"",""Answer";a ;survey ;about ;reasoning ;with ;belief ;update ;-2;of ;"2)"",""For";each ;statement ;presented ;in ;the ;survey, ;indicate ;the ;degree ;to ;which ;you ;believe ;it ;on ;a ;scale ;from ;1;(implausible) ;to ;10;(extremely ;"plausible)."",""survey, ";research, ;logic, ;reasoning, ;belief ;update, ;mathematics, ;maths, ;math, ;philosophy, ;belief ;change, ;cognitive ;science, ;computer ;"science"",""$3.75"",""Fri";Jun ;25;05:03:04;PDT ;"2021"",""61"",""BatchId:4487240;OriginalHitTemplateId:920937340;"",""3600"",""259200"",""Fri";Jul ;2;05:03:04;PDT ;"2021"","","",""3KAKFY4PGXQMY1QC0Z4Q69JU75B3IQ"",""Approved"",""Fri"; Jun;25;05:03:41; PDT;"2021"",""Fri"; Jun;25;05:49:49; PDT;"2021"",""Mon"; Jun;28;05:49:49; PDT;"2021"",""Sat"; Jun;26;04:37:06; PDT;"2021"","","",""2768"",""100%";"(4/4)"",""100%";"(2/2)"",""0%";"(0/0)"",""BR2_2021""";;;;;;;;;;;;;;;
"3YD0MU1NC4PM6IA80LA1E9C0ELT7AY,""3Z1ME8JRSK01AV8NUDSBF5G86L7OC8"",""Answer";a ;survey ;about ;reasoning ;with ;belief ;update ;-2;of ;"2)"",""For";each ;statement ;presented ;in ;the ;survey, ;indicate ;the ;degree ;to ;which ;you ;believe ;it ;on ;a ;scale ;from ;1;(implausible) ;to ;10;(extremely ;"plausible)."",""survey, ";research, ;logic, ;reasoning, ;belief ;update, ;mathematics, ;maths, ;math, ;philosophy, ;belief ;change, ;cognitive ;science, ;computer ;"science"",""$3.75"",""Fri";Jun ;25;05:03:04;PDT ;"2021"",""61"",""BatchId:4487240;OriginalHitTemplateId:920937340;"",""3600"",""259200"",""Fri";Jul ;2;05:03:04;PDT ;"2021"","","",""3KB8R4ZV1HVD55OUP4JT3G4QGKWGB2"",""Approved"",""Fri";Jun ;25;05:03:38;PDT ;"2021"",""Fri";Jun ;25;05:50:29;PDT ;"2021"",""Mon";Jun ;28;05:50:29;PDT ;"2021"",""Sat";Jun ;26;04:40:39;PDT ;"2021"","","",""2811"",""100%";"(2/2)"",""100%";"(2/2)"",""0%";"(0/0)"",""BR2_2021""";;;;;;;;;;;;;;;
"3YD0MU1NC4PM6IA80LA1E9C0ELT7AY,""3Z1ME8JRSK01AV8NUDSBF5G86L7OC8"",""Answer";a ;survey ;about ;reasoning ;with ;belief ;update ;-2;of ;"2)"",""For";each ;statement ;presented ;in ;the ;survey, ;indicate ;the ;degree ;to ;which ;you ;believe ;it ;on ;a ;scale ;from ;1;(implausible) ;to ;10;(extremely ;"plausible)."",""survey, ";research, ;logic, ;reasoning, ;belief ;update, ;mathematics, ;maths, ;math, ;philosophy, ;belief ;change, ;cognitive ;science, ;computer ;"science"",""$3.75"",""Fri";Jun ;25;05:03:04;PDT ;"2021"",""61"",""BatchId:4487240;OriginalHitTemplateId:920937340;"",""3600"",""259200"",""Fri";Jul ;2;05:03:04;PDT ;"2021"","","",""3KKG4CDWKLME5WGDWJ3W3LCX2SZ49Y"",""Rejected"",""Thu"; Jul;1;19:57:37; PDT;"2021"",""Thu"; Jul;1;20:41:05; PDT;"2021"",""Sun"; Jul;4;20:41:05; PDT;"2021"","",""";Fri ;Jul;02 05:15;:46;"PDT 2021"",""Incorrect surv";ey code provi;ded and no ;response to my survey ;on google ;for;ms reco;rde;"d."",""26";"08"",""0%";"(0/1)"",""0%";(0/1;")"",""0% (0";"/1)""";",""A2C";"8LY4KTL7J70""";;;
"3YD0MU1NC4PM6IA80LA1E9C0ELT7AY,""3Z1ME8JRSK01AV8NUDSBF5G86L7OC8"",""Answer";a ;survey ;about ;reasoning ;with ;belief ;update ;-2;of ;"2)"",""For";each ;statement ;presented ;in ;the ;survey, ;indicate ;the ;degree ;to ;which ;you ;believe ;it ;on ;a ;scale ;from ;1;(implausible) ;to ;10;(extremely ;"plausible)."",""survey, ";research, ;logic, ;reasoning, ;belief ;update, ;mathematics, ;maths, ;math, ;philosophy, ;belief ;change, ;cognitive ;science, ;computer ;"science"",""$3.75"",""Fri";Jun ;25;05:03:04;PDT ;"2021"",""61"",""BatchId:4487240;OriginalHitTemplateId:920937340;"",""3600"",""259200"",""Fri";Jul ;2;05:03:04;PDT ;"2021”,"","",""3LOTDFNYAANZF8QA9B9789HZP6LFWP"",""Approved"",""Fri"; Jun;25;09:19:35; PDT;"2021"",""Fri"; Jun;25;09:31:37; PDT;"2021"",""Mon"; Jun;28;09:31:37; PDT;"2021"",""Sat"; Jun;26;04:39:47; PDT;"2021"","","",""722"",""100%";"(4/4)"",""100%";"(2/2)"",""0%";"(0/0)"",""BR2_2021""";;;;;;;;;;;;;;;
"3YD0MU1NC4PM6IA80LA1E9C0ELT7AY,""3Z1ME8JRSK01AV8NUDSBF5G86L7OC8"",""Answer";a ;survey ;about ;reasoning ;with ;belief ;update ;-2;of ;"2)"",""For";each ;statement ;presented ;in ;the ;survey, ;indicate ;the ;degree ;to ;which ;you ;believe ;it ;on ;a ;scale ;from ;1;(implausible) ;to ;10;(extremely ;"plausible)."",""survey, ";research, ;logic, ;reasoning, ;belief ;update, ;mathematics, ;maths, ;math, ;philosophy, ;belief ;change, ;cognitive ;science, ;computer ;"science"",""$3.75"",""Fri";Jun ;25;05:03:04;PDT ;"2021"",""61"",""BatchId:4487240;OriginalHitTemplateId:920937340;"",""3600"",""259200"",""Fri";Jul ;2;05:03:04;PDT ;"2021"","","",""3MRNMEIQW8UM6U0FER7FBYXYFMULDK"",""Approved"",""Fri"; Jun;25;05:03:40; PDT;"2021"",""Fri"; Jun;25;05:28:48; PDT;"2021"",""Mon"; Jun;28;05:28:48; PDT;"2021"",""Sat"; Jun;26;04:39:46; PDT;"2021"","","",""1508"",""100%";"(2/2)"",""100%";"(2/2)"",""0%";"(0/0)"",""BR2_2021""";;;;;;;;;;;;;;;
"3YD0MU1NC4PM6IA80LA1E9C0ELT7AY,""3Z1ME8JRSK01AV8NUDSBF5G86L7OC8"",""Answer";a ;survey ;about ;reasoning ;with ;belief ;update ;-2;of ;"2)"",""For";each ;statement ;presented ;in ;the ;survey, ;indicate ;the ;degree ;to ;which ;you ;believe ;it ;on ;a ;scale ;from ;1;(implausible) ;to ;10;(extremely ;"plausible)."",""survey, ";research, ;logic, ;reasoning, ;belief ;update, ;mathematics, ;maths, ;math, ;philosophy, ;belief ;change, ;cognitive ;science, ;computer ;"science"",""$3.75"",""Fri";Jun ;25;05:03:04;PDT ;"2021"",""61"",""BatchId:4487240;OriginalHitTemplateId:920937340;"",""3600"",""259200"",""Fri";Jul ;2;05:03:04;PDT ;"2021"","","",""3MX2NQ3YCCIM2B2BD4SKOG4T9E65XI"",""Approved"",""Fri"; Jun;25;05:06:37; PDT;"2021"",""Fri"; Jun;25;05:38:23; PDT;"2021"",""Mon"; Jun;28;05:38:23; PDT;"2021"",""Sat"; Jun;26;04:40:02; PDT;"2021"","","",""1906"",""100%";"(4/4)"",""100%";"(2/2)"",""0%";"(0/0)"",""BR2_2021""";;;;;;;;;;;;;;;
"3YD0MU1NC4PM6IA80LA1E9C0ELT7AY,""3Z1ME8JRSK01AV8NUDSBF5G86L7OC8"",""Answer";a ;survey ;about ;reasoning ;with ;belief ;update ;-2;of ;"2)"",""For";each ;statement ;presented ;in ;the ;survey, ;indicate ;the ;degree ;to ;which ;you ;believe ;it ;on ;a ;scale ;from ;1;(implausible) ;to ;10;(extremely ;"plausible)."",""survey, ";research, ;logic, ;reasoning, ;belief ;update, ;mathematics, ;maths, ;math, ;philosophy, ;belief ;change, ;cognitive ;science, ;computer ;"science"",""$3.75"",""Fri";Jun ;25;05:03:04;PDT ;"2021"",""61"",""BatchId:4487240;OriginalHitTemplateId:920937340;"",""3600"",""259200"",""Fri";Jul ;2;05:03:04;PDT ;"2021"","","",""3N2BF7Y2VTINOSN20ZRK2WRL7JIHMW"",""Approved"",""Fri";Jun ;25;08:18:33;PDT ;"2021"",""Fri";Jun ;25;08:31:03;PDT ;"2021"",""Mon";Jun ;28;08:31:03;PDT ;"2021"",""Sat";Jun ;26;04:40:39;PDT ;"2021"","","",""750"",""100% (";"2/2)"",""100% (";"2/2)"",""0% (";"0/0)"",""BR2_2021""";;;;;;;;;;;;;;;
"3YD0MU1NC4PM6IA80LA1E9C0ELT7AY,""3Z1ME8JRSK01AV8NUDSBF5G86L7OC8"",""Answer";a ;survey ;about ;reasoning ;with ;belief ;update ;-2;of ;"2)"",""For";each ;statement ;presented ;in ;the ;survey, ;indicate ;the ;degree ;to ;which ;you ;believe ;it ;on ;a ;scale ;from ;1;(implausible) ;to ;10;(extremely ;"plausible)."",""survey, ";research, ;logic, ;reasoning, ;belief ;update, ;mathematics, ;maths, ;math, ;philosophy, ;belief ;change, ;cognitive ;science, ;computer ;"science"",""$3.75"",""Fri";Jun ;25;05:03:04;PDT ;"2021"",""61"",""BatchId:4487240;OriginalHitTemplateId:920937340;"",""3600"",""259200"",""Fri";Jul ;2;05:03:04;PDT ;"2021"","","",""3N4BPTXIOBGX3QTJFML36YO7CMNKUT"",""Approved"",""Fri"; Jun;25;07:43:56; PDT;"2021"",""Fri"; Jun;25;07:52:15; PDT;"2021"",""Mon"; Jun;28;07:52:15; PDT;"2021"",""Sat"; Jun;26;04:38:22; PDT;"2021"","","",""499"",""100%";"(2/2)"",""100%";"(2/2)"",""0%";"(0/0)"",""BR2_2021""";;;;;;;;;;;;;;;
"3YD0MU1NC4PM6IA80LA1E9C0ELT7AY,""3Z1ME8JRSK01AV8NUDSBF5G86L7OC8"",""Answer";a ;survey ;about ;reasoning ;with ;belief ;update ;-2;of ;"2)"",""For";each ;statement ;presented ;in ;the ;survey, ;indicate ;the ;degree ;to ;which ;you ;believe ;it ;on ;a ;scale ;from ;1;(implausible) ;to ;10;(extremely ;"plausible)."",""survey, ";research, ;logic, ;reasoning, ;belief ;update, ;mathematics, ;maths, ;math, ;philosophy, ;belief ;change, ;cognitive ;science, ;computer ;"science"",""$3.75"",""Fri";Jun ;25;05:03:04;PDT ;"2021"",""61"",""BatchId:4487240;OriginalHitTemplateId:920937340;"",""3600"",""259200"",""Fri";Jul ;2;05:03:04;PDT ;"2021"","","",""3N8OEVH1FUELGCU1HS1NE9DRE57OO2"",""Approved"",""Fri"; Jun;25;06:40:24; PDT;"2021"",""Fri"; Jun;25;07:20:54; PDT;"2021"",""Mon"; Jun;28;07:20:54; PDT;"2021"",""Sat"; Jun;26;04:35:46; PDT;"2021"","","",""2430"",""100%";"(2/2)"",""100%";"(2/2)"",""0%";"(0/0)"",""BR2_2021""";;;;;;;;;;;;;;;
"3YD0MU1NC4PM6IA80LA1E9C0ELT7AY,""3Z1ME8JRSK01AV8NUDSBF5G86L7OC8"",""Answer";a ;survey ;about ;reasoning ;with ;belief ;update ;-2;of ;"2)"",""For";each ;statement ;presented ;in ;the ;survey, ;indicate ;the ;degree ;to ;which ;you ;believe ;it ;on ;a ;scale ;from ;1;(implausible) ;to ;10;(extremely ;"plausible)."",""survey, ";research, ;logic, ;reasoning, ;belief ;update, ;mathematics, ;maths, ;math, ;philosophy, ;belief ;change, ;cognitive ;science, ;computer ;"science"",""$3.75"",""Fri";Jun ;25;05:03:04;PDT ;"2021"",""61"",""BatchId:4487240;OriginalHitTemplateId:920937340;"",""3600"",""259200"",""Fri";Jul ;2;05:03:04;PDT ;"2021"","","",""3NC5L260MRARAZH8IPIXRF4DM4FOFF"",""Approved"",""Fri"; Jun;25;05:03:40; PDT;"2021"",""Fri"; Jun;25;05:20:06; PDT;"2021"",""Mon"; Jun;28;05:20:06; PDT;"2021"",""Sat"; Jun;26;04:38:22; PDT;"2021"","","",""986"",""100%";"(2/2)"",""100%";"(2/2)"",""0%";"(0/0)"",""BR2_2021""";;;;;;;;;;;;;;;
"3YD0MU1NC4PM6IA80LA1E9C0ELT7AY,""3Z1ME8JRSK01AV8NUDSBF5G86L7OC8"",""Answer";a ;survey ;about ;reasoning ;with ;belief ;update ;-2;of ;"2)"",""For";each ;statement ;presented ;in ;the ;survey, ;indicate ;the ;degree ;to ;which ;you ;believe ;it ;on ;a ;scale ;from ;1;(implausible) ;to ;10;(extremely ;"plausible)."",""survey, ";research, ;logic, ;reasoning, ;belief ;update, ;mathematics, ;maths, ;math, ;philosophy, ;belief ;change, ;cognitive ;science, ;computer ;"science"",""$3.75"",""Fri";Jun ;25;05:03:04;PDT ;"2021"",""61"",""BatchId:4487240;OriginalHitTemplateId:920937340;"",""3600"",""259200"",""Fri";Jul ;2;05:03:04;PDT ;"2021"","","",""3OUYGIZWRAMIYVEJU7CRD8MZQ7V0PD"",""Rejected"",""Fri"; Jun;25;10:37:04; PDT;"2021"",""Fri"; Jun;25;11:15:03; PDT;"2021"",""Mon"; Jun;28;11:15:03; PDT;"2021"","",""";Sat ;Jun;26 04:36;:40;"PDT 2021"",""Incorrect surv";ey code. Upon; further in;spection, you have not; completed; my; survey; on; Google; Forms.; Therefore,; your; response; has; been;"rejected."",""2279"",""0%";"(0/1)"",""0%";"(0/1)"",""0%";"(0/0)"",""A190A6Q71V8WPX"""
"3YD0MU1NC4PM6IA80LA1E9C0ELT7AY,""3Z1ME8JRSK01AV8NUDSBF5G86L7OC8"",""Answer";a ;survey ;about ;reasoning ;with ;belief ;update ;-2;of ;"2)"",""For";each ;statement ;presented ;in ;the ;survey, ;indicate ;the ;degree ;to ;which ;you ;believe ;it ;on ;a ;scale ;from ;1;(implausible) ;to ;10;(extremely ;"plausible)."",""survey, ";research, ;logic, ;reasoning, ;belief ;update, ;mathematics, ;maths, ;math, ;philosophy, ;belief ;change, ;cognitive ;science, ;computer ;"science"",""$3.75"",""Fri";Jun ;25;05:03:04;PDT ;"2021"",""61"",""BatchId:4487240;OriginalHitTemplateId:920937340;"",""3600"",""259200"",""Fri";Jul ;2;05:03:04;PDT ;"2021"","","",""3P1L2B7AD4DDARR440LVMS9XJC4OLB"",""Rejected"",""Thu"; Jul;1;11:21:56; PDT;"2021"",""Thu"; Jul;1;11:26:01; PDT;"2021"",""Sun"; Jul;4;11:26:01; PDT;"2021"","",""";Fri ;Jul;02 05:15;:46;"PDT 2021"",""Incorrect surv";ey code provi;ded and no ;response to my survey ;on google ;for;ms reco;rde;"d."",""24";"5"",""0%";"(0/1)"",""0%";(0/1);,0% (0/;"1)"",";A347;"W7P09GNXPV""";;;
"3YD0MU1NC4PM6IA80LA1E9C0ELT7AY,""3Z1ME8JRSK01AV8NUDSBF5G86L7OC8"",""Answer";a ;survey ;about ;reasoning ;with ;belief ;update ;-2;of ;"2)"",""For";each ;statement ;presented ;in ;the ;survey, ;indicate ;the ;degree ;to ;which ;you ;believe ;it ;on ;a ;scale ;from ;1;(implausible) ;to ;10;(extremely ;"plausible)."",""survey, ";research, ;logic, ;reasoning, ;belief ;update, ;mathematics, ;maths, ;math, ;philosophy, ;belief ;change, ;cognitive ;science, ;computer ;"science"",""$3.75"",""Fri";Jun ;25;05:03:04;PDT ;"2021"",""61"",""BatchId:4487240;OriginalHitTemplateId:920937340;"",""3600"",""259200"",""Fri";Jul ;2;05:03:04;PDT ;"2021”,"","",""3PQMUDRV7UU1O48VL2BDAFLJQN8II5"",""Approved"",""Fri"; Jun;25;06:54:16; PDT;"2021"",""Fri"; Jun;25;07:04:00; PDT;"2021"",""Mon"; Jun;28;07:04:00; PDT;"2021"",""Sat"; Jun;26;04:38:21; PDT;"2021"","","",""584"",""100%";"(2/2)"",""100%";"(2/2)"",""0%";"(0/0)"",""BR2_2021""";;;;;;;;;;;;;;;
"3YD0MU1NC4PM6IA80LA1E9C0ELT7AY,""3Z1ME8JRSK01AV8NUDSBF5G86L7OC8"",""Answer";a ;survey ;about ;reasoning ;with ;belief ;update ;-2;of ;"2)"",""For";each ;statement ;presented ;in ;the ;survey, ;indicate ;the ;degree ;to ;which ;you ;believe ;it ;on ;a ;scale ;from ;1;(implausible) ;to ;10;(extremely ;"plausible)."",""survey, ";research, ;logic, ;reasoning, ;belief ;update, ;mathematics, ;maths, ;math, ;philosophy, ;belief ;change, ;cognitive ;science, ;computer ;"science"",""$3.75"",""Fri";Jun ;25;05:03:04;PDT ;"2021"",""61"",""BatchId:4487240;OriginalHitTemplateId:920937340;"",""3600"",""259200"",""Fri";Jul ;2;05:03:04;PDT ;"2021"","","",""3Q5C1WP23PPECAHI6B7DT70S4ZS51R"",""Rejected"",""Fri"; Jun;25;09:18:54; PDT;"2021"",""Fri"; Jun;25;09:46:08; PDT;"2021"",""Mon"; Jun;28;09:46:08; PDT;"2021"","",""";Sat ;Jun;26 04:39;:20;"PDT 2021"",""Incorrect surv";ey code. Upon; further in;spection, you have not; completed; my; survey; on; Google; Forms.; Therefore,; your; response; has; been;"rejected."",""1634"",""0%";"(0/1)"",""0%";"(0/1)"",""0%";"(0/0)"",""A340NIUVD3RRB6"""
"3YD0MU1NC4PM6IA80LA1E9C0ELT7AY,""3Z1ME8JRSK01AV8NUDSBF5G86L7OC8"",""Answer";a ;survey ;about ;reasoning ;with ;belief ;update ;-2;of ;"2)"",""For";each ;statement ;presented ;in ;the ;survey, ;indicate ;the ;degree ;to ;which ;you ;believe ;it ;on ;a ;scale ;from ;1;(implausible) ;to ;10;(extremely ;"plausible)."",""survey, ";research, ;logic, ;reasoning, ;belief ;update, ;mathematics, ;maths, ;math, ;philosophy, ;belief ;change, ;cognitive ;science, ;computer ;"science"",""$3.75"",""Fri";Jun ;25;05:03:04;PDT ;"2021"",""61"",""BatchId:4487240;OriginalHitTemplateId:920937340;"",""3600"",""259200"",""Fri";Jul ;2;05:03:04;PDT ;"2021"","","",""3QAVNHZ3EPSO8NX3UHGDLXPSUJXLAI"",""Approved"",""Fri"; Jun;25;05:03:39; PDT;"2021"",""Fri"; Jun;25;05:33:27; PDT;"2021"",""Mon"; Jun;28;05:33:27; PDT;"2021"",""Sat"; Jun;26;04:38:22; PDT;"2021"","","",""1788"",""100%";"(2/2)"",""100%";"(2/2)"",""0%";"(0/0)"",""BR2_2021""";;;;;;;;;;;;;;;
"3YD0MU1NC4PM6IA80LA1E9C0ELT7AY,""3Z1ME8JRSK01AV8NUDSBF5G86L7OC8"",""Answer";a ;survey ;about ;reasoning ;with ;belief ;update ;-2;of ;"2)"",""For";each ;statement ;presented ;in ;the ;survey, ;indicate ;the ;degree ;to ;which ;you ;believe ;it ;on ;a ;scale ;from ;1;(implausible) ;to ;10;(extremely ;"plausible)."",""survey, ";research, ;logic, ;reasoning, ;belief ;update, ;mathematics, ;maths, ;math, ;philosophy, ;belief ;change, ;cognitive ;science, ;computer ;"science"",""$3.75"",""Fri";Jun ;25;05:03:04;PDT ;"2021"",""61"",""BatchId:4487240;OriginalHitTemplateId:920937340;"",""3600"",""259200"",""Fri";Jul ;2;05:03:04;PDT ;"2021"","","",""3QHK8ZVMIP6TRX2V0VG9G89YC1ILBD"",""Approved"",""Fri"; Jun;25;05:03:39; PDT;"2021"",""Fri"; Jun;25;05:35:14; PDT;"2021"",""Mon"; Jun;28;05:35:14; PDT;"2021"",""Sat"; Jun;26;04:39:47; PDT;"2021"","","",""1895"",""100%";"(2/2)"",""100%";"(2/2)"",""0%";"(0/0)"",""BR2_2021""";;;;;;;;;;;;;;;
"3YD0MU1NC4PM6IA80LA1E9C0ELT7AY,""3Z1ME8JRSK01AV8NUDSBF5G86L7OC8"",""Answer";a ;survey ;about ;reasoning ;with ;belief ;update ;-2;of ;"2)"",""For";each ;statement ;presented ;in ;the ;survey, ;indicate ;the ;degree ;to ;which ;you ;believe ;it ;on ;a ;scale ;from ;1;(implausible) ;to ;10;(extremely ;"plausible)."",""survey, ";research, ;logic, ;reasoning, ;belief ;update, ;mathematics, ;maths, ;math, ;philosophy, ;belief ;change, ;cognitive ;science, ;computer ;"science"",""$3.75"",""Fri";Jun ;25;05:03:04;PDT ;"2021"",""61"",""BatchId:4487240;OriginalHitTemplateId:920937340;"",""3600"",""259200"",""Fri";Jul ;2;05:03:04;PDT ;"2021"","","",""3R9WASFE224393VFKYTE7DBH69OFZG"",""Approved"",""Fri"; Jun;25;20:21:24; PDT;"2021"",""Fri"; Jun;25;20:35:44; PDT;"2021"",""Mon"; Jun;28;20:35:44; PDT;"2021"",""Sat"; Jun;26;04:37:06; PDT;"2021"","","",""860"",""100%";"(2/2)"",""100%";"(2/2)"",""0%";"(0/0)"",""BR2_2021""";;;;;;;;;;;;;;;
"3YD0MU1NC4PM6IA80LA1E9C0ELT7AY,""3Z1ME8JRSK01AV8NUDSBF5G86L7OC8"",""Answer";a ;survey ;about ;reasoning ;with ;belief ;update ;-2;of ;"2)"",""For";each ;statement ;presented ;in ;the ;survey, ;indicate ;the ;degree ;to ;which ;you ;believe ;it ;on ;a ;scale ;from ;1;(implausible) ;to ;10;(extremely ;"plausible)."",""survey, ";research, ;logic, ;reasoning, ;belief ;update, ;mathematics, ;maths, ;math, ;philosophy, ;belief ;change, ;cognitive ;science, ;computer ;"science"",""$3.75"",""Fri";Jun ;25;05:03:04;PDT ;"2021"",""61"",""BatchId:4487240;OriginalHitTemplateId:920937340;"",""3600"",""259200"",""Fri";Jul ;2;05:03:04;PDT ;"2021"","","",""3S3AMIZX3XTT3Q691EEG8F7BLDNDC3"",""Rejected"",""Fri"; Jun;25;10:54:57; PDT;"2021"",""Fri"; Jun;25;11:02:54; PDT;"2021"",""Mon"; Jun;28;11:02:54; PDT;"2021"","",""";Sat ;Jun;26 04:38;:59;"PDT 2021"",""Incorrect surv";ey code. Upon; further in;spection, you have not; completed; my; survey; on; Google; Forms.; Therefore,; your; response; has; been;"rejected."",""477"",""0% (";"0/1)"",""0% (";"0/1)"",""0% (";"0/0)"",""A2TTBSWYU44ZVN"""
"3YD0MU1NC4PM6IA80LA1E9C0ELT7AY,""3Z1ME8JRSK01AV8NUDSBF5G86L7OC8"",""Answer";a ;survey ;about ;reasoning ;with ;belief ;update ;-2;of ;"2)"",""For";each ;statement ;presented ;in ;the ;survey, ;indicate ;the ;degree ;to ;which ;you ;believe ;it ;on ;a ;scale ;from ;1;(implausible) ;to ;10;(extremely ;"plausible)."",""survey, ";research, ;logic, ;reasoning, ;belief ;update, ;mathematics, ;maths, ;math, ;philosophy, ;belief ;change, ;cognitive ;science, ;computer ;"science"",""$3.75"",""Fri";Jun ;25;05:03:04;PDT ;"2021"",""61"",""BatchId:4487240;OriginalHitTemplateId:920937340;"",""3600"",""259200"",""Fri";Jul ;2;05:03:04;PDT ;"2021"","","",""3S96KQ6I9PSAP78KN096XP7F9ZGDTF"",""Rejected"",""Fri"; Jun;25;06:25:50; PDT;"2021"",""Fri"; Jun;25;06:39:56; PDT;"2021"",""Mon"; Jun;28;06:39:56; PDT;"2021"","",""";Sat ;Jun;26 04:37;:52;"PDT 2021"",""Incorrect surv";ey code. Upon; further in;spection, you have not; completed; my; survey; on; Google; Forms.; Therefore,; your; response; has; been;"rejected."",""846"",""0% (";"0/1)"",""0% (";"0/1)"",""0% (";"0/0)"",""A1FC1BYKMNWURK"""
"3YD0MU1NC4PM6IA80LA1E9C0ELT7AY,""3Z1ME8JRSK01AV8NUDSBF5G86L7OC8"",""Answer";a ;survey ;about ;reasoning ;with ;belief ;update ;-2;of ;"2)"",""For";each ;statement ;presented ;in ;the ;survey, ;indicate ;the ;degree ;to ;which ;you ;believe ;it ;on ;a ;scale ;from ;1;(implausible) ;to ;10;(extremely ;"plausible)."",""survey, ";research, ;logic, ;reasoning, ;belief ;update, ;mathematics, ;maths, ;math, ;philosophy, ;belief ;change, ;cognitive ;science, ;computer ;"science"",""$3.75"",""Fri";Jun ;25;05:03:04;PDT ;"2021"",""61"",""BatchId:4487240;OriginalHitTemplateId:920937340;"",""3600"",""259200"",""Fri";Jul ;2;05:03:04;PDT ;"2021"","","",""3SEPORI8WQN8DCE79I7MTC0Q9S5AZQ"",""Approved"",""Fri"; Jun;25;05:15:22; PDT;"2021"",""Fri"; Jun;25;06:00:01; PDT;"2021"",""Mon"; Jun;28;06:00:01; PDT;"2021"",""Sat"; Jun;26;04:38:21; PDT;"2021"","","",""2679"",""100%";"(3/3)"",""100%";"(2/2)"",""0%";"(0/0)"",""BR2_2021""";;;;;;;;;;;;;;;
"3YD0MU1NC4PM6IA80LA1E9C0ELT7AY,""3Z1ME8JRSK01AV8NUDSBF5G86L7OC8"",""Answer";a ;survey ;about ;reasoning ;with ;belief ;update ;-2;of ;"2)"",""For";each ;statement ;presented ;in ;the ;survey, ;indicate ;the ;degree ;to ;which ;you ;believe ;it ;on ;a ;scale ;from ;1;(implausible) ;to ;10;(extremely ;"plausible)."",""survey, ";research, ;logic, ;reasoning, ;belief ;update, ;mathematics, ;maths, ;math, ;philosophy, ;belief ;change, ;cognitive ;science, ;computer ;"science"",""$3.75"",""Fri";Jun ;25;05:03:04;PDT ;"2021"",""61"",""BatchId:4487240;OriginalHitTemplateId:920937340;"",""3600"",""259200"",""Fri";Jul ;2;05:03:04;PDT ;"2021"","","",""3SNLUL3WO7B8NWB10MX4LY1M1TSLUB"",""Approved"",""Tue"; Jun;29;14:03:55; PDT;"2021"",""Tue"; Jun;29;14:58:15; PDT;"2021"",""Fri"; Jul;2;14:58:15; PDT;"2021"",""Fri"; Jul;2;05:15:03; PDT;"2021"","","",""3260"",""100%";"(3/3)"",""100%";"(2/2)"",""10";"0% (1/1)"",""BR2_2021""";;;;;;;;;;;;;;;
"3YD0MU1NC4PM6IA80LA1E9C0ELT7AY,""3Z1ME8JRSK01AV8NUDSBF5G86L7OC8"",""Answer";a ;survey ;about ;reasoning ;with ;belief ;update ;-2;of ;"2)"",""For";each ;statement ;presented ;in ;the ;survey, ;indicate ;the ;degree ;to ;which ;you ;believe ;it ;on ;a ;scale ;from ;1;(implausible) ;to ;10;(extremely ;"plausible)."",""survey, ";research, ;logic, ;reasoning, ;belief ;update, ;mathematics, ;maths, ;math, ;philosophy, ;belief ;change, ;cognitive ;science, ;computer ;"science"",""$3.75"",""Fri";Jun ;25;05:03:04;PDT ;"2021"",""61"",""BatchId:4487240;OriginalHitTemplateId:920937340;"",""3600"",""259200"",""Fri";Jul ;2;05:03:04;PDT ;"2021”,"","",""3TE3O85733WA6IXCMMKU1RFTONZR2C"",""Approved"",""Fri"; Jun;25;09:06:30; PDT;"2021"",""Fri"; Jun;25;09:29:37; PDT;"2021"",""Mon"; Jun;28;09:29:37; PDT;"2021"",""Sat"; Jun;26;04:38:21; PDT;"2021"","","",""1387"",""100%";"(2/2)"",""100%";"(2/2)"",""0%";"(0/0)"",""BR2_2021""";;;;;;;;;;;;;;;
"3YD0MU1NC4PM6IA80LA1E9C0ELT7AY,""3Z1ME8JRSK01AV8NUDSBF5G86L7OC8"",""Answer";a ;survey ;about ;reasoning ;with ;belief ;update ;-2;of ;"2)"",""For";each ;statement ;presented ;in ;the ;survey, ;indicate ;the ;degree ;to ;which ;you ;believe ;it ;on ;a ;scale ;from ;1;(implausible) ;to ;10;(extremely ;"plausible)."",""survey, ";research, ;logic, ;reasoning, ;belief ;update, ;mathematics, ;maths, ;math, ;philosophy, ;belief ;change, ;cognitive ;science, ;computer ;"science"",""$3.75"",""Fri";Jun ;25;05:03:04;PDT ;"2021"",""61"",""BatchId:4487240;OriginalHitTemplateId:920937340;"",""3600"",""259200"",""Fri";Jul ;2;05:03:04;PDT ;"2021”,"","",""3TPWUS5F8CPSCW60I9J603WWSUXCWH"",""Rejected"",""Fri"; Jun;25;23:08:26; PDT;"2021"",""Fri"; Jun;25;23:27:14; PDT;"2021"",""Mon"; Jun;28;23:27:14; PDT;"2021"","",""";Sat ;Jun;26 04:38;:58;"PDT 2021"",""Incorrect surv";ey code. Upon; further in;spection, you have not; completed; my; survey; on; Google; Forms.; Therefore,; your; response; has; been;"rejected."",""1128"",""0%";"(0/1)"",""0%";"(0/1)"",""0%";"(0/0)"",""ehjqssdlge345d0"""
"3YD0MU1NC4PM6IA80LA1E9C0ELT7AY,""3Z1ME8JRSK01AV8NUDSBF5G86L7OC8"",""Answer";a ;survey ;about ;reasoning ;with ;belief ;update ;-2;of ;"2)"",""For";each ;statement ;presented ;in ;the ;survey, ;indicate ;the ;degree ;to ;which ;you ;believe ;it ;on ;a ;scale ;from ;1;(implausible) ;to ;10;(extremely ;"plausible)."",""survey, ";research, ;logic, ;reasoning, ;belief ;update, ;mathematics, ;maths, ;math, ;philosophy, ;belief ;change, ;cognitive ;science, ;computer ;"science"",""$3.75"",""Fri";Jun ;25;05:03:04;PDT ;"2021"",""61"",""BatchId:4487240;OriginalHitTemplateId:920937340;"",""3600"",""259200"",""Fri";Jul ;2;05:03:04;PDT ;"2021”,”,”,""3UJ1CZ6IZKDE6UGCJUMXP8N1UAP5SH"",""Rejected"",""Thu";Jul ;1;09:39:06;PDT ;"2021"",""Thu";Jul ;1;09:49:42;PDT ;"2021"",""Sun";Jul ;4;09:49:42;PDT ;"2021"","",""F";ri J;ul ;02 05:15:;46 P;"DT 2021"",""Incorrect surve";y code provid;ed and no r;esponse to my survey o;n google f;orm;s recor;ded;"."",""636";,0% (;"0/1)"",""0% (";"0/1)""";",""0% (0/1";")"",""";ACNAL;"MMTIKHV1""";;;
"3YD0MU1NC4PM6IA80LA1E9C0ELT7AY,""3Z1ME8JRSK01AV8NUDSBF5G86L7OC8"",""Answer";a ;survey ;about ;reasoning ;with ;belief ;update ;-2;of ;"2)"",""For";each ;statement ;presented ;in ;the ;survey, ;indicate ;the ;degree ;to ;which ;you ;believe ;it ;on ;a ;scale ;from ;1;(implausible) ;to ;10;(extremely ;"plausible)."",""survey, ";research, ;logic, ;reasoning, ;belief ;update, ;mathematics, ;maths, ;math, ;philosophy, ;belief ;change, ;cognitive ;science, ;computer ;"science"",""$3.75"",""Fri";Jun ;25;05:03:04;PDT ;"2021"",""61"",""BatchId:4487240;OriginalHitTemplateId:920937340;"",""3600"",""259200"",""Fri";Jul ;2;05:03:04;PDT ;"2021"","","",""3VD82FOHKTCK7NXYRNSWJ9JAPRNOC4"",""Approved"",""Fri"; Jun;25;06:16:04; PDT;"2021"",""Fri"; Jun;25;06:40:23; PDT;"2021"",""Mon"; Jun;28;06:40:23; PDT;"2021"",""Sat"; Jun;26;04:39:47; PDT;"2021"","","",""1459"",""100%";"(3/3)"",""100%";"(2/2)"",""0%";"(0/0)"",""BR2_2021""";;;;;;;;;;;;;;;
"3YD0MU1NC4PM6IA80LA1E9C0ELT7AY,""3Z1ME8JRSK01AV8NUDSBF5G86L7OC8"",""Answer";a ;survey ;about ;reasoning ;with ;belief ;update ;-2;of ;"2)"",""For";each ;statement ;presented ;in ;the ;survey, ;indicate ;the ;degree ;to ;which ;you ;believe ;it ;on ;a ;scale ;from ;1;(implausible) ;to ;10;(extremely ;"plausible)."",""survey, ";research, ;logic, ;reasoning, ;belief ;update, ;mathematics, ;maths, ;math, ;philosophy, ;belief ;change, ;cognitive ;science, ;computer ;"science"",""$3.75"",""Fri";Jun ;25;05:03:04;PDT ;"2021"",""61"",""BatchId:4487240;OriginalHitTemplateId:920937340;"",""3600"",""259200"",""Fri";Jul ;2;05:03:04;PDT ;"2021"","","",""3W92K5RLWX5UYMXGDPR20V78T3Y5VF"",""Rejected"",""Fri"; Jun;25;05:06:17; PDT;"2021"",""Fri"; Jun;25;05:24:30; PDT;"2021"",""Mon"; Jun;28;05:24:30; PDT;"2021"","",""";Sat ;Jun;26 04:36;:39;"PDT 2021"",""Incorrect surv";ey code. Upon; further in;spection, you have not; completed; my; survey; on; Google; Forms.; Therefore,; your; response; has; been;"rejected."",""1093"",""0%";"(0/1)"",""0%";"(0/1)"",""0%";"(0/0)"",""7715661"""
"3YD0MU1NC4PM6IA80LA1E9C0ELT7AY,""3Z1ME8JRSK01AV8NUDSBF5G86L7OC8"",""Answer";a ;survey ;about ;reasoning ;with ;belief ;update ;-2;of ;"2)"",""For";each ;statement ;presented ;in ;the ;survey, ;indicate ;the ;degree ;to ;which ;you ;believe ;it ;on ;a ;scale ;from ;1;(implausible) ;to ;10;(extremely ;"plausible)."",""survey, ";research, ;logic, ;reasoning, ;belief ;update, ;mathematics, ;maths, ;math, ;philosophy, ;belief ;change, ;cognitive ;science, ;computer ;"science"",""$3.75"",""Fri";Jun ;25;05:03:04;PDT ;"2021"",""61"",""BatchId:4487240;OriginalHitTemplateId:920937340;"",""3600"",""259200"",""Fri";Jul ;2;05:03:04;PDT ;"2021"","","",""3YDGXNSEO2IERRX3RRXI3PHMIK784Z"",""Rejected"",""Thu"; Jul;1;06:37:09; PDT;"2021"",""Thu"; Jul;1;06:45:02; PDT;"2021"",""Sun"; Jul;4;06:45:02; PDT;"2021"","",""";Fri ;Jul;02 05:15;:47;"PDT 2021"",""Incorrect surv";ey code provi;ded and no ;response to my survey ;on google ;for;ms reco;rde;"d."",""47";"3"",""0%";"(0/1)"",""0%";(0/1);,0% (0/;"1)"",";A1SX;"FVM8O1M8SP""";;;
"3YD0MU1NC4PM6IA80LA1E9C0ELT7AY,""3Z1ME8JRSK01AV8NUDSBF5G86L7OC8"",""Answer";a ;survey ;about ;reasoning ;with ;belief ;update ;-2;of ;"2)"",""For";each ;statement ;presented ;in ;the ;survey, ;indicate ;the ;degree ;to ;which ;you ;believe ;it ;on ;a ;scale ;from ;1;(implausible) ;to ;10;(extremely ;"plausible)."",""survey, ";research, ;logic, ;reasoning, ;belief ;update, ;mathematics, ;maths, ;math, ;philosophy, ;belief ;change, ;cognitive ;science, ;computer ;"science"",""$3.75"",""Fri";Jun ;25;05:03:04;PDT ;"2021"",""61"",""BatchId:4487240;OriginalHitTemplateId:920937340;"",""3600"",""259200"",""Fri";Jul ;2;05:03:04;PDT ;"2021"","","",""3ZY8KE4ISMRJR8GEXHF5Y62ZP0OQVI"",""Approved"",""Fri"; Jun;25;19:15:35; PDT;"2021"",""Fri"; Jun;25;19:47:10; PDT;"2021"",""Mon"; Jun;28;19:47:10; PDT;"2021"",""Sat"; Jun;26;04:39:10; PDT;"2021"","","",""1895"",""100%";"(2/2)"",""100%";"(2/2)"",""0%";"(0/0)"",""BR2_2021""";;;;;;;;;;;;;;;
"3YD0MU1NC4PM6IA80LA1E9C0ELT7AY,""3Z1ME8JRSK01AV8NUDSBF5G86L7OC8"",""Answer";a ;survey ;about ;reasoning ;with ;belief ;update ;-2;of ;"2)"",""For";each ;statement ;presented ;in ;the ;survey, ;indicate ;the ;degree ;to ;which ;you ;believe ;it ;on ;a ;scale ;from ;1;(implausible) ;to ;10;(extremely ;"plausible)."",""survey, ";research, ;logic, ;reasoning, ;belief ;update, ;mathematics, ;maths, ;math, ;philosophy, ;belief ;change, ;cognitive ;science, ;computer ;"science"",""$3.75"",""Fri";Jun ;25;05:03:04;PDT ;"2021"",""61"",""BatchId:4487240;OriginalHitTemplateId:920937340;"",""3600"",""259200"",""Fri";Jul ;2;05:03:04;PDT ;"2021"","","",""3ZY8KE4ISMRJR8GEXHF5Y62ZP5HQVL"",""Rejected"",""Tue"; Jun;29;06:57:16; PDT;"2021"",""Tue"; Jun;29;07:03:48; PDT;"2021"",""Fri"; Jul;2;07:03:48; PDT;"2021"","",""";Fri ;Jul;02 05:15;:47;"PDT 2021"",""Incorrect surv";ey code provi;ded and no ;response to my survey ;on google ;for;ms reco;rde;"d."",""39";"2"",""0%";"(0/1)"",""0%";(0/1);,0% (0/;"1)"",";A1UR;"VHUF9X3EC2""";;;